,Time Stamp,Window,Suration
0,2020-05-14 15:11:02.058370,abc,0
1,2020-05-14 15:11:03.071987,,11
2,2020-05-14 15:11:14.086298,HM3H - Capcity - Excel,17
3,2020-05-14 15:11:31.098990,Meet - Capacity Overview Review session - Google Chrome,3
4,2020-05-14 15:11:34.105939,,1
5,2020-05-14 15:11:35.110937,HM3H - Capcity - Excel,3
6,2020-05-14 15:11:38.121264,,5
7,2020-05-14 15:11:43.129749,HM3H - Capcity - Excel,110
8,2020-05-14 15:13:33.191441,Meet - Capacity Overview Review session - Google Chrome,41
9,2020-05-14 15:14:14.219377,,2
10,2020-05-14 15:14:16.225625,HM3H - Capcity - Excel,72
11,2020-05-14 15:15:28.267419,Meet - Capacity Overview Review session - Google Chrome,113
12,2020-05-14 15:17:21.339705,,3
13,2020-05-14 15:17:24.346010,HM3H - Capcity - Excel,2
14,2020-05-14 15:17:26.352996,Meet - Capacity Overview Review session - Google Chrome,56
15,2020-05-14 15:18:22.389067,HM3H - Capcity - Excel,149
16,2020-05-14 15:20:51.476204,Meet - Capacity Overview Review session - Google Chrome,5
17,2020-05-14 15:20:56.483861,C:\Users\manishsin\Desktop\AWaRe.exe,1
18,2020-05-14 15:20:57.488922,,1
19,2020-05-14 15:20:58.496336,HM3H - Capcity - Excel,263
20,2020-05-14 15:25:21.656958,,1
21,2020-05-14 15:25:22.662567,Meet - Capacity Overview Review session - Google Chrome,2
22,2020-05-14 15:25:24.672855,"Inbox (3,751) - manish2.singh@heromotocorp.com - Hero MotoCorp Ltd. Mail - Google Chrome",6
23,2020-05-14 15:25:30.682348,Plant Operation Schedule - manish2.singh@heromotocorp.com - Hero MotoCorp Ltd. Mail - Google Chrome,4
24,2020-05-14 15:25:34.688721,"Inbox (3,750) - manish2.singh@heromotocorp.com - Hero MotoCorp Ltd. Mail - Google Chrome",2
25,2020-05-14 15:25:36.695096,"Fwd: Webinar Series : Leak test : CTS, Innomatec, Sciemetric - manish2.singh@heromotocorp.com - Hero MotoCorp Ltd. Mail - Google Chrome",25
26,2020-05-14 15:26:01.713945,"Inbox (3,749) - manish2.singh@heromotocorp.com - Hero MotoCorp Ltd. Mail - Google Chrome",2
27,2020-05-14 15:26:03.720770,Re: Assembly Capacity - Frame and Engine for HM5V Line 1 & Line 2 - manish2.singh@heromotocorp.com - Hero MotoCorp Ltd. Mail - Google Chrome,23
28,2020-05-14 15:26:26.766905,,2
29,2020-05-14 15:26:28.772789,HM3H - Capcity - Excel,11
30,2020-05-14 15:26:39.792327,,2
31,2020-05-14 15:26:41.802658,Re: Assembly Capacity - Frame and Engine for HM5V Line 1 & Line 2 - manish2.singh@heromotocorp.com - Hero MotoCorp Ltd. Mail - Google Chrome,2
32,2020-05-14 15:26:43.808853,,2
33,2020-05-14 15:26:45.816724,HM3H - Capcity - Excel,15
34,2020-05-14 15:27:00.827510,,1
35,2020-05-14 15:27:01.834820,HM3H - Capcity - Excel,2
36,2020-05-14 15:27:03.844510,,1
37,2020-05-14 15:27:04.849928,HM3H - Capcity - Excel,2
38,2020-05-14 15:27:06.860049,,4
39,2020-05-14 15:27:10.870827,HM3H - Capcity - Excel,4
40,2020-05-14 15:27:14.933110,Re: Assembly Capacity - Frame and Engine for HM5V Line 1 & Line 2 - manish2.singh@heromotocorp.com - Hero MotoCorp Ltd. Mail - Google Chrome,1
41,2020-05-14 15:27:15.938599,,1
42,2020-05-14 15:27:16.947589,02_Draft ABP_FY 21_Rev _02_16Apr 2020 (57.3 Dom+2.1 GB)_V2_Updated_19042020 - Excel,1
43,2020-05-14 15:27:17.951904,Microsoft Excel,2
44,2020-05-14 15:27:19.961516,02_Draft ABP_FY 21_Rev _02_16Apr 2020 (57.3 Dom+2.1 GB)_V2_Updated_19042020 - Excel,1
45,2020-05-14 15:27:20.968821,,2
46,2020-05-14 15:27:22.977044,File Explorer,3
47,2020-05-14 15:27:25.985456,Opening - Excel,1
48,2020-05-14 15:27:26.991616,,1
49,2020-05-14 15:27:28.001426,HM3H - Capcity - Excel,11
50,2020-05-14 15:27:39.017006,,1
51,2020-05-14 15:27:40.029017,HM3H - Capcity - Excel,67
52,2020-05-14 15:28:47.074327,Re: Assembly Capacity - Frame and Engine for HM5V Line 1 & Line 2 - manish2.singh@heromotocorp.com - Hero MotoCorp Ltd. Mail - Google Chrome,1
53,2020-05-14 15:28:48.079777,Meet - Capacity Overview Review session - Google Chrome,5
54,2020-05-14 15:28:53.094722,HM3H - Capcity - Excel,32
55,2020-05-14 15:29:25.119492,,2
56,2020-05-14 15:29:27.127992,HM3H - Capcity - Excel,38
57,2020-05-14 15:30:05.154353,,1
58,2020-05-14 15:30:06.162733,HM3H - Capcity - Excel,150
59,2020-05-14 15:32:36.240642,,2
60,2020-05-14 15:32:38.253430,HM3H - Capcity - Excel,55
61,2020-05-14 15:33:33.288745,Meet - Capacity Overview Review session - Google Chrome,4
62,2020-05-14 15:33:37.308305,HM3H - Capcity - Excel,93
63,2020-05-14 15:35:10.357060,Meet - Capacity Overview Review session - Google Chrome,77
64,2020-05-14 15:36:27.403138,,2
65,2020-05-14 15:36:29.428370,Meet - Capacity Overview Review session - Google Chrome,5
66,2020-05-14 15:36:34.438296,,1
67,2020-05-14 15:36:35.443956,HM3H - Capcity - Excel,16
68,2020-05-14 15:36:51.460763,Meet - Capacity Overview Review session - Google Chrome,22
69,2020-05-14 15:37:13.476384,HM3H - Capcity - Excel,1
70,2020-05-14 15:37:14.482956,,1
71,2020-05-14 15:37:15.490255,File Explorer,3
72,2020-05-14 15:37:18.498251,02_Draft ABP_FY 21_Rev _02_16Apr 2020 (57.3 Dom+2.1 GB)_V2_Updated_19042020 - Excel,1
73,2020-05-14 15:37:19.511074,Meet - Capacity Overview Review session - Google Chrome,3
74,2020-05-14 15:37:22.516542,,1
75,2020-05-14 15:37:23.521599,02_Draft ABP_FY 21_Rev _02_16Apr 2020 (57.3 Dom+2.1 GB)_V2_Updated_19042020 - Excel,22
76,2020-05-14 15:37:45.540121,Meet - Capacity Overview Review session - Google Chrome,1
77,2020-05-14 15:37:46.547001,02_Draft ABP_FY 21_Rev _02_16Apr 2020 (57.3 Dom+2.1 GB)_V2_Updated_19042020 - Excel,20
78,2020-05-14 15:38:06.567886,Meet - Capacity Overview Review session - Google Chrome,8
79,2020-05-14 15:38:14.591570,meet.google.com is sharing your screen.,1
80,2020-05-14 15:38:15.603934,,1
81,2020-05-14 15:38:16.625601,02_Draft ABP_FY 21_Rev _02_16Apr 2020 (57.3 Dom+2.1 GB)_V2_Updated_19042020 - Excel,150
82,2020-05-14 15:40:46.706160,Meet - Capacity Overview Review session - Google Chrome,18
83,2020-05-14 15:41:04.738506,,2
84,2020-05-14 15:41:06.744737,HM3H - Capcity - Excel,2
85,2020-05-14 15:41:08.750417,,4
86,2020-05-14 15:41:12.757469,File Explorer,2
87,2020-05-14 15:41:14.763160,,1
88,2020-05-14 15:41:15.768237,ABZA Packahing Working June-July R7 - Excel,14
89,2020-05-14 15:41:29.793767,HM3H - Capcity - Excel,2
90,2020-05-14 15:41:31.808388,,1
91,2020-05-14 15:41:32.816422,HM3H - Capcity - Excel,79
92,2020-05-14 15:42:51.866056,Meet - Capacity Overview Review session - Google Chrome,28
93,2020-05-14 15:43:19.889068,HM3H - Capcity - Excel,18
94,2020-05-14 15:43:37.904512,,1
95,2020-05-14 15:43:38.910352,Date and Time Information,2
96,2020-05-14 15:43:40.919285,HM3H - Capcity - Excel,72
97,2020-05-14 15:44:52.964782,,1
98,2020-05-14 15:44:53.972468,Meet - Capacity Overview Review session - Google Chrome,34
99,2020-05-14 15:45:28.000283,HM3H - Capcity - Excel,29
100,2020-05-14 15:45:57.022228,Meet - Capacity Overview Review session - Google Chrome,23
101,2020-05-14 15:46:20.037766,,5
102,2020-05-14 15:46:25.045115,HM3H - Capcity - Excel,70
103,2020-05-14 15:47:35.093731,,1
104,2020-05-14 15:47:36.099489,Meet - Capacity Overview Review session - Google Chrome,71
105,2020-05-14 15:48:47.143461,,1
106,2020-05-14 15:48:48.149606,HM3H - Capcity - Excel,14
107,2020-05-14 15:49:02.164727,Meet - Capacity Overview Review session - Google Chrome,15
108,2020-05-14 15:49:17.179280,YouTube - Google Chrome,1
109,2020-05-14 15:49:18.185575,Meet - Capacity Overview Review session - Google Chrome,585
110,2020-05-14 15:59:03.508025,"The Simple, and Simplistic, Messaging of Modi’s Lectures Is a Big Hit With His Audience - Google Chrome",2
111,2020-05-14 15:59:05.513567,New Tab - Google Chrome,13
112,2020-05-14 15:59:18.538332,Introduction to Big Data - Home | Coursera - Google Chrome,8
113,2020-05-14 15:59:26.552396,Coursera | Online Courses & Credentials From Top Educators. Join for Free | Coursera - Google Chrome,1
114,2020-05-14 15:59:27.562860,Coursera | Online Courses & Credentials From Top Educators. Join for Free - Google Chrome,133
115,2020-05-14 16:01:40.645334,Math and Logic Online Courses | Coursera - Google Chrome,14
116,2020-05-14 16:01:54.659546,Untitled - Google Chrome,2
117,2020-05-14 16:01:56.668500,Math and Logic Online Courses | Coursera - Google Chrome,3
118,2020-05-14 16:01:59.674528,Game Theory | Coursera - Google Chrome,26
119,2020-05-14 16:02:25.711008,Math and Logic Online Courses | Coursera - Google Chrome,20
120,2020-05-14 16:02:45.730038,Game Theory | Coursera - Google Chrome,2
121,2020-05-14 16:02:47.737705,Bayesian Statistics | Coursera - Google Chrome,44
122,2020-05-14 16:03:31.770143,Game Theory | Coursera - Google Chrome,31
123,2020-05-14 16:04:02.810572,New Tab - Google Chrome,10
124,2020-05-14 16:04:12.822613,theory for machine learning - Google Search - Google Chrome,19
125,2020-05-14 16:04:31.837774,deep learning mathematics - Google Search - Google Chrome,5
126,2020-05-14 16:04:36.847301,Game Theory | Coursera - Google Chrome,6
127,2020-05-14 16:04:42.861105,Deep Learning Mathematics Courses | Coursera - Google Chrome,21
128,2020-05-14 16:05:03.875467,Introduction to Graph Theory | Coursera - Google Chrome,6
129,2020-05-14 16:05:09.888523,Meet - Capacity Overview Review session - Google Chrome,6
130,2020-05-14 16:05:15.900675,Introduction to Graph Theory | Coursera - Google Chrome,52
131,2020-05-14 16:06:07.930886,Graph Analytics Courses | Coursera - Google Chrome,19
132,2020-05-14 16:06:26.951745,Graphs Courses | Coursera - Google Chrome,36
133,2020-05-14 16:07:02.987076,Algorithms on Graphs | Coursera - Google Chrome,22
134,2020-05-14 16:07:25.013612,Probabilistic Graphical Models | Coursera - Google Chrome,23
135,2020-05-14 16:07:48.031704,"Graph Search, Shortest Paths, and Data Structures | Coursera - Google Chrome",4
136,2020-05-14 16:07:52.041620,Algorithms on Graphs | Coursera - Google Chrome,1
137,2020-05-14 16:07:53.047551,"Graph Search, Shortest Paths, and Data Structures | Coursera - Google Chrome",1
138,2020-05-14 16:07:54.054539,Graphs Courses | Coursera - Google Chrome,11
139,2020-05-14 16:08:05.065826,"Graph Search, Shortest Paths, and Data Structures | Coursera - Google Chrome",20
140,2020-05-14 16:08:25.085402,deep learning mathematics - Google Search - Google Chrome,9
141,2020-05-14 16:08:34.093966,Deep Learning Mathematics Courses | Coursera - Google Chrome,19
142,2020-05-14 16:08:53.109493,Tensorflow Gcp Courses | Coursera - Google Chrome,15
143,2020-05-14 16:09:08.125089,Machine Learning with TensorFlow on Google Cloud Platform | Coursera - Google Chrome,37
144,2020-05-14 16:09:45.149258,Tensorflow Gcp Courses | Coursera - Google Chrome,10
145,2020-05-14 16:09:55.161206,Math and Logic Online Courses | Coursera - Google Chrome,3
146,2020-05-14 16:09:58.168541,Tensorflow Gcp Courses | Coursera - Google Chrome,2
147,2020-05-14 16:10:00.176366,Machine Learning with TensorFlow on Google Cloud Platform | Coursera - Google Chrome,1
148,2020-05-14 16:10:01.198153,End-to-End Machine Learning with TensorFlow on GCP | Coursera - Google Chrome,9
149,2020-05-14 16:10:10.214373,Advanced Machine Learning with TensorFlow on Google Cloud Platform | Coursera - Google Chrome,31
150,2020-05-14 16:10:41.234090,End-to-End Machine Learning with TensorFlow on GCP | Coursera - Google Chrome,3
151,2020-05-14 16:10:44.240177,Machine Learning with TensorFlow on Google Cloud Platform | Coursera - Google Chrome,9
152,2020-05-14 16:10:53.251263,End-to-End Machine Learning with TensorFlow on GCP | Coursera - Google Chrome,17
153,2020-05-14 16:11:10.271020,Advanced Machine Learning with TensorFlow on Google Cloud Platform | Coursera - Google Chrome,6
154,2020-05-14 16:11:16.279421,Machine Learning with TensorFlow on Google Cloud Platform | Coursera - Google Chrome,4
155,2020-05-14 16:11:20.286888,Coursera | Online Courses From Top Universities. Join for Free - Google Chrome,1
156,2020-05-14 16:11:21.292037,How Google does Machine Learning | Coursera - Google Chrome,17
157,2020-05-14 16:11:38.311301,Coursera | Online Courses & Credentials From Top Educators. Join for Free | Coursera - Google Chrome,11
158,2020-05-14 16:11:49.327263,How Google does Machine Learning - Home | Coursera - Google Chrome,48
159,2020-05-14 16:12:37.357722,Meet - Capacity Overview Review session - Google Chrome,2
160,2020-05-14 16:12:39.366649,(2) WhatsApp - Google Chrome,10
161,2020-05-14 16:12:49.376382,Math and Logic Online Courses | Coursera - Google Chrome,7
162,2020-05-14 16:12:56.384862,(2) WhatsApp - Google Chrome,1
163,2020-05-14 16:12:57.391634,"The Simple, and Simplistic, Messaging of Modi’s Lectures Is a Big Hit With His Audience - Google Chrome",71
164,2020-05-14 16:14:08.441477,Meet - Capacity Overview Review session - Google Chrome,59
165,2020-05-14 16:15:07.476650,"The Simple, and Simplistic, Messaging of Modi’s Lectures Is a Big Hit With His Audience - Google Chrome",28
166,2020-05-14 16:15:35.511007,Meet - Capacity Overview Review session - Google Chrome,18
167,2020-05-14 16:15:53.526342,YouTube - Google Chrome,2
168,2020-05-14 16:15:55.532926,"The Simple, and Simplistic, Messaging of Modi’s Lectures Is a Big Hit With His Audience - Google Chrome",57
169,2020-05-14 16:16:52.566348,Meet - Capacity Overview Review session - Google Chrome,15
170,2020-05-14 16:17:07.579947,"The Simple, and Simplistic, Messaging of Modi’s Lectures Is a Big Hit With His Audience - Google Chrome",49
171,2020-05-14 16:17:56.610225,Math and Logic Online Courses | Coursera - Google Chrome,2
172,2020-05-14 16:17:58.639668,Meet - Capacity Overview Review session - Google Chrome,3
173,2020-05-14 16:18:01.648564,YouTube - Google Chrome,1
174,2020-05-14 16:18:02.653489,Meet - Capacity Overview Review session - Google Chrome,3
175,2020-05-14 16:18:05.667038,Math and Logic Online Courses | Coursera - Google Chrome,4
176,2020-05-14 16:18:09.689886,Tensorflow Gcp Courses | Coursera - Google Chrome,2
177,2020-05-14 16:18:11.699112,Math and Logic Online Courses | Coursera - Google Chrome,11
178,2020-05-14 16:18:22.718708,,10
179,2020-05-14 16:18:32.727415,Petrol Extraction For Rework - PowerPoint,3
180,2020-05-14 16:18:35.735641,TICA - PowerPoint,14
181,2020-05-14 16:18:49.748752,,1
182,2020-05-14 16:18:50.754147,TICA - PowerPoint,67
183,2020-05-14 16:19:57.799083,Math and Logic Online Courses | Coursera - Google Chrome,2
184,2020-05-14 16:19:59.808370,Meet - Capacity Overview Review session - Google Chrome,2
185,2020-05-14 16:20:01.816153,,7
186,2020-05-14 16:20:08.825388,Meet - Capacity Overview Review session - Google Chrome,42
187,2020-05-14 16:20:50.853463,,2
188,2020-05-14 16:20:52.865352,02_Draft ABP_FY 21_Rev _02_16Apr 2020 (57.3 Dom+2.1 GB)_V2_Updated_19042020 - Excel,11
189,2020-05-14 16:21:03.879241,HM3H - Capcity - Excel,1
190,2020-05-14 16:21:04.885090,,2
191,2020-05-14 16:21:06.894572,02_Draft ABP_FY 21_Rev _02_16Apr 2020 (57.3 Dom+2.1 GB)_V2_Updated_19042020 - Excel,20
192,2020-05-14 16:21:26.908062,HM3H - Capcity - Excel,21
193,2020-05-14 16:21:47.935302,Meet - Capacity Overview Review session - Google Chrome,1
194,2020-05-14 16:21:48.940393,HM3H - Capcity - Excel,4
195,2020-05-14 16:21:52.951702,,1
196,2020-05-14 16:21:53.957441,02_Draft ABP_FY 21_Rev _02_16Apr 2020 (57.3 Dom+2.1 GB)_V2_Updated_19042020 - Excel,31
197,2020-05-14 16:22:24.982969,,14
198,2020-05-14 16:22:38.999923,TICA - PowerPoint,308
199,2020-05-14 16:27:47.163089,,3
200,2020-05-14 16:27:50.171726,Meet - Capacity Overview Review session - Google Chrome,26
201,2020-05-14 16:28:16.196994,,2
202,2020-05-14 16:28:18.205729,TICA - PowerPoint,11
203,2020-05-14 16:28:29.216614,,1
204,2020-05-14 16:28:30.222335,Meet - Capacity Overview Review session - Google Chrome,1
205,2020-05-14 16:28:31.230323,deep learning mathematics - Google Search - Google Chrome,5
206,2020-05-14 16:28:36.241499,review meaning - Google Search - Google Chrome,23
207,2020-05-14 16:28:59.257774,,1
208,2020-05-14 16:29:00.264063,TICA - PowerPoint,4
209,2020-05-14 16:29:04.274034,review meaning - Google Search - Google Chrome,16
210,2020-05-14 16:29:20.287490,"synonyms for contenr, index - Google Search - Google Chrome",1
211,2020-05-14 16:29:21.296488,(2) WhatsApp - Google Chrome,2
212,2020-05-14 16:29:23.307007,Meet - Capacity Overview Review session - Google Chrome,33
213,2020-05-14 16:29:56.330318,,2
214,2020-05-14 16:29:58.338592,ABZA Packahing Working June-July R7 - Excel,6
215,2020-05-14 16:30:04.348891,,2
216,2020-05-14 16:30:06.355883,HM3H - Capcity - Excel,44
217,2020-05-14 16:30:50.404414,Meet - Capacity Overview Review session - Google Chrome,63
218,2020-05-14 16:31:53.441354,"synonyms for contenr, index - Google Search - Google Chrome",12
219,2020-05-14 16:32:05.454978,"Index Synonyms, Index Antonyms | Merriam-Webster Thesaurus - Google Chrome",23
220,2020-05-14 16:32:28.503995,HM3H - Capcity - Excel,6
221,2020-05-14 16:32:34.513584,,1
222,2020-05-14 16:32:35.520046,TICA - PowerPoint,9
223,2020-05-14 16:32:44.636284,"Index Synonyms, Index Antonyms | Merriam-Webster Thesaurus - Google Chrome",2
224,2020-05-14 16:32:46.642898,Meet - Capacity Overview Review session - Google Chrome,20
225,2020-05-14 16:33:06.657660,meet.google.com is sharing your screen.,2
226,2020-05-14 16:33:08.672604,Meet - Capacity Overview Review session - Google Chrome,1
227,2020-05-14 16:33:09.689188,,3
228,2020-05-14 16:33:12.703583,HM3H - Capcity - Excel,3
229,2020-05-14 16:33:15.712865,New notification,1
230,2020-05-14 16:33:16.730366,HM3H - Capcity - Excel,56
231,2020-05-14 16:34:12.804484,Meet - Capacity Overview Review session - Google Chrome,8
232,2020-05-14 16:34:20.818446,,1
233,2020-05-14 16:34:21.837751,Re: Assembly Capacity - Frame and Engine for HM5V Line 1 & Line 2 - manish2.singh@heromotocorp.com - Hero MotoCorp Ltd. Mail - Google Chrome,4
234,2020-05-14 16:34:25.905072,"Inbox (3,748) - manish2.singh@heromotocorp.com - Hero MotoCorp Ltd. Mail - Google Chrome",4
235,2020-05-14 16:34:29.914110,ABS_EOL Testing_HM2G-HM3H - manish2.singh@heromotocorp.com - Hero MotoCorp Ltd. Mail - Google Chrome,10
236,2020-05-14 16:34:39.949932,Meet - Capacity Overview Review session - Google Chrome,29
237,2020-05-14 16:35:08.975773,ABS_EOL Testing_HM2G-HM3H - manish2.singh@heromotocorp.com - Hero MotoCorp Ltd. Mail - Google Chrome,2
238,2020-05-14 16:35:10.990167,Meet - Capacity Overview Review session - Google Chrome,77
239,2020-05-14 16:36:28.036590,,2
240,2020-05-14 16:36:30.045371,TICA - PowerPoint,22
241,2020-05-14 16:36:52.069307,,4
242,2020-05-14 16:36:56.077063,HM3H - Capcity - Excel,80
243,2020-05-14 16:38:16.126033,Meet - Capacity Overview Review session - Google Chrome,5
244,2020-05-14 16:38:21.133086,,1
245,2020-05-14 16:38:22.138798,HM3H - Capcity - Excel,132
246,2020-05-14 16:40:34.229345,,1
247,2020-05-14 16:40:35.242698,02_Draft ABP_FY 21_Rev _02_16Apr 2020 (57.3 Dom+2.1 GB)_V2_Updated_19042020 - Excel,31
248,2020-05-14 16:41:06.294956,,2
249,2020-05-14 16:41:08.300943,02_Draft ABP_FY 21_Rev _02_16Apr 2020 (57.3 Dom+2.1 GB)_V2_Updated_19042020 - Excel,3
250,2020-05-14 16:41:11.310988,,2
251,2020-05-14 16:41:13.328656,02_Draft ABP_FY 21_Rev _02_16Apr 2020 (57.3 Dom+2.1 GB)_V2_Updated_19042020 - Excel,1
252,2020-05-14 16:41:14.335927,Meet - Capacity Overview Review session - Google Chrome,3
253,2020-05-14 16:41:17.348508,02_Draft ABP_FY 21_Rev _02_16Apr 2020 (57.3 Dom+2.1 GB)_V2_Updated_19042020 - Excel,21
254,2020-05-14 16:41:38.367769,02_Draft ABP_FY 21_Rev _02_16Apr 2020 (57.3 Dom+2.1 GB)_V2_Updated_19042020 - Excel (Not Responding),7
255,2020-05-14 16:41:45.378379,02_Draft ABP_FY 21_Rev _02_16Apr 2020 (57.3 Dom+2.1 GB)_V2_Updated_19042020 - Excel,18
256,2020-05-14 16:42:03.394584,,2
257,2020-05-14 16:42:05.401486,02_Draft ABP_FY 21_Rev _02_16Apr 2020 (57.3 Dom+2.1 GB)_V2_Updated_19042020 - Excel,19
258,2020-05-14 16:42:24.421302,,2
259,2020-05-14 16:42:26.428161,02_Draft ABP_FY 21_Rev _02_16Apr 2020 (57.3 Dom+2.1 GB)_V2_Updated_19042020 - Excel,18
260,2020-05-14 16:42:44.442340,,1
261,2020-05-14 16:42:45.448979,ABZA Packahing Working June-July R7 - Excel,14
262,2020-05-14 16:42:59.467349,02_Draft ABP_FY 21_Rev _02_16Apr 2020 (57.3 Dom+2.1 GB)_V2_Updated_19042020 - Excel,25
263,2020-05-14 16:43:24.495210,,1
264,2020-05-14 16:43:25.502146,02_Draft ABP_FY 21_Rev _02_16Apr 2020 (57.3 Dom+2.1 GB)_V2_Updated_19042020 - Excel,123
265,2020-05-14 16:45:28.664228,,1
266,2020-05-14 16:45:29.673087,Meet - Capacity Overview Review session - Google Chrome,16
267,2020-05-14 16:45:45.723730,,6
268,2020-05-14 16:45:51.749512,02_Draft ABP_FY 21_Rev _02_16Apr 2020 (57.3 Dom+2.1 GB)_V2_Updated_19042020 - Excel,3
269,2020-05-14 16:45:54.765404,Meet - Capacity Overview Review session - Google Chrome,35
270,2020-05-14 16:46:29.858301,,4
271,2020-05-14 16:46:33.874414,HM3H - Capcity - Excel,9
272,2020-05-14 16:46:42.913155,,3
273,2020-05-14 16:46:45.925625,02_Draft ABP_FY 21_Rev _02_16Apr 2020 (57.3 Dom+2.1 GB)_V2_Updated_19042020 - Excel,2
274,2020-05-14 16:46:47.939369,,2
275,2020-05-14 16:46:49.951392,File Explorer,18
276,2020-05-14 16:47:07.994732,Meet - Capacity Overview Review session - Google Chrome,2
277,2020-05-14 16:47:10.011295,ABS_EOL Testing_HM2G-HM3H - manish2.singh@heromotocorp.com - Hero MotoCorp Ltd. Mail - Google Chrome,11
278,2020-05-14 16:47:21.064884,Search results - manish2.singh@heromotocorp.com - Hero MotoCorp Ltd. Mail - Google Chrome,6
279,2020-05-14 16:47:27.081370,Cortana,16
280,2020-05-14 16:47:43.131811,GB MONTHWISE PLAN_FY20 (1) - Excel,13
281,2020-05-14 16:47:56.169728,Cortana,14
282,2020-05-14 16:48:10.211577,GB MONTHWISE PLAN_FY20 - Excel,61
283,2020-05-14 16:49:11.342057,Search results - manish2.singh@heromotocorp.com - Hero MotoCorp Ltd. Mail - Google Chrome,5
284,2020-05-14 16:49:16.385773,,5
285,2020-05-14 16:49:21.404691,02_Draft ABP_FY 21_Rev _02_16Apr 2020 (57.3 Dom+2.1 GB)_V2_Updated_19042020 - Excel,7
286,2020-05-14 16:49:28.426669,,2
287,2020-05-14 16:49:30.439198,ABZA Packahing Working June-July R7 - Excel,6
288,2020-05-14 16:49:36.467115,02_Draft ABP_FY 21_Rev _02_16Apr 2020 (57.3 Dom+2.1 GB)_V2_Updated_19042020 - Excel,95
289,2020-05-14 16:51:11.695101,,3
290,2020-05-14 16:51:14.712584,02_Draft ABP_FY 21_Rev _02_16Apr 2020 (57.3 Dom+2.1 GB)_V2_Updated_19042020 - Excel,73
291,2020-05-14 16:52:27.862473,,2
292,2020-05-14 16:52:29.878263,02_Draft ABP_FY 21_Rev _02_16Apr 2020 (57.3 Dom+2.1 GB)_V2_Updated_19042020 - Excel,1
293,2020-05-14 16:52:30.886756,Search results - manish2.singh@heromotocorp.com - Hero MotoCorp Ltd. Mail - Google Chrome,4
294,2020-05-14 16:52:34.917507,02_Draft ABP_FY 21_Rev _02_16Apr 2020 (57.3 Dom+2.1 GB)_V2_Updated_19042020 - Excel,15
295,2020-05-14 16:52:49.954748,,5
296,2020-05-14 16:52:54.978823,02_Draft ABP_FY 21_Rev _02_16Apr 2020 (57.3 Dom+2.1 GB)_V2_Updated_19042020 - Excel,75
297,2020-05-14 16:54:10.147475,Microsoft Excel,2
298,2020-05-14 16:54:12.166757,02_Draft ABP_FY 21_Rev _02_16Apr 2020 (57.3 Dom+2.1 GB)_V2_Updated_19042020 - Excel,9
299,2020-05-14 16:54:21.196168,,3
300,2020-05-14 16:54:24.209580,02_Draft ABP_FY 21_Rev _02_16Apr 2020 (57.3 Dom+2.1 GB)_V2_Updated_19042020 - Excel,12
301,2020-05-14 16:54:36.241500,,2
302,2020-05-14 16:54:38.252887,02_Draft ABP_FY 21_Rev _02_16Apr 2020 (57.3 Dom+2.1 GB)_V2_Updated_19042020 - Excel,41
303,2020-05-14 16:55:19.346093,Paste Name,3
304,2020-05-14 16:55:22.366576,02_Draft ABP_FY 21_Rev _02_16Apr 2020 (57.3 Dom+2.1 GB)_V2_Updated_19042020 - Excel,66
305,2020-05-14 16:56:28.519480,,2
306,2020-05-14 16:56:30.534460,02_Draft ABP_FY 21_Rev _02_16Apr 2020 (57.3 Dom+2.1 GB)_V2_Updated_19042020 - Excel,3
307,2020-05-14 16:56:33.562186,,2
308,2020-05-14 16:56:35.574544,02_Draft ABP_FY 21_Rev _02_16Apr 2020 (57.3 Dom+2.1 GB)_V2_Updated_19042020 - Excel,10
309,2020-05-14 16:56:45.609857,,1
310,2020-05-14 16:56:46.624683,Search results - manish2.singh@heromotocorp.com - Hero MotoCorp Ltd. Mail - Google Chrome,2
311,2020-05-14 16:56:48.642608,"Inbox (3,747) - manish2.singh@heromotocorp.com - Hero MotoCorp Ltd. Mail - Google Chrome",5
312,2020-05-14 16:56:53.665917,02_Draft ABP_FY 21_Rev _02_16Apr 2020 (57.3 Dom+2.1 GB)_V2_Updated_19042020 - Excel,115
313,2020-05-14 16:58:48.923966,New notification,2
314,2020-05-14 16:58:50.940303,(3) WhatsApp - Google Chrome,14
315,2020-05-14 16:59:04.993826,Meet - Capacity Overview Review session - Google Chrome,2
316,2020-05-14 16:59:07.012104,(3) WhatsApp - Google Chrome,1
317,2020-05-14 16:59:08.026739,,2
318,2020-05-14 16:59:10.043771,ABZA Packahing Working June-July R7 - Excel,1
319,2020-05-14 16:59:11.062755,,1
320,2020-05-14 16:59:12.082370,02_Draft ABP_FY 21_Rev _02_16Apr 2020 (57.3 Dom+2.1 GB)_V2_Updated_19042020 - Excel,39
321,2020-05-14 16:59:51.178648,,1
322,2020-05-14 16:59:52.192730,(2) WhatsApp - Google Chrome,1
323,2020-05-14 16:59:53.212118,,36
324,2020-05-14 17:00:29.301967,02_Draft ABP_FY 21_Rev _02_16Apr 2020 (57.3 Dom+2.1 GB)_V2_Updated_19042020 - Excel,31
325,2020-05-14 17:01:00.371164,,3
326,2020-05-14 17:01:03.385806,02_Draft ABP_FY 21_Rev _02_16Apr 2020 (57.3 Dom+2.1 GB)_V2_Updated_19042020 - Excel,16
327,2020-05-14 17:01:19.433953,,2
328,2020-05-14 17:01:21.446967,02_Draft ABP_FY 21_Rev _02_16Apr 2020 (57.3 Dom+2.1 GB)_V2_Updated_19042020 - Excel,109
329,2020-05-14 17:03:10.685774,GB MONTHWISE PLAN_FY20 - Excel,30
330,2020-05-14 17:03:40.760559,Convert Text to Columns Wizard - Step 1 of 3,3
331,2020-05-14 17:03:43.779674,Convert Text to Columns Wizard - Step 2 of 3,26
332,2020-05-14 17:04:09.833157,Convert Text to Columns Wizard - Step 3 of 3,1
333,2020-05-14 17:04:10.847577,Microsoft Excel,2
334,2020-05-14 17:04:12.869694,GB MONTHWISE PLAN_FY20 - Excel,8
335,2020-05-14 17:04:20.889639,,13
336,2020-05-14 17:04:33.923833,GB MONTHWISE PLAN_FY20 - Excel,14
337,2020-05-14 17:04:47.968463,,6
338,2020-05-14 17:04:53.996293,GB MONTHWISE PLAN_FY20 - Excel,12
339,2020-05-14 17:05:06.031241,,56
340,2020-05-14 17:06:02.968991,GB MONTHWISE PLAN_FY20 - Excel,3
341,2020-05-14 17:06:05.987252,,3
342,2020-05-14 17:06:09.006147,GB MONTHWISE PLAN_FY20 - Excel,76
343,2020-05-14 17:07:25.187347,,1
344,2020-05-14 17:07:26.198437,GB MONTHWISE PLAN_FY20 - Excel,8
345,2020-05-14 17:07:34.243442,,1
346,2020-05-14 17:07:35.266497,GB MONTHWISE PLAN_FY20 - Excel,10
347,2020-05-14 17:07:45.304438,,8
348,2020-05-14 17:07:53.333331,GB MONTHWISE PLAN_FY20 - Excel,30
349,2020-05-14 17:08:23.409237,,3
350,2020-05-14 17:08:26.424166,GB MONTHWISE PLAN_FY20 - Excel,1
351,2020-05-14 17:08:27.433666,,3
352,2020-05-14 17:08:30.467906,GB MONTHWISE PLAN_FY20 - Excel,61
353,2020-05-14 17:09:31.610775,Create PivotTable,3
354,2020-05-14 17:09:34.641218,GB MONTHWISE PLAN_FY20 - Excel,31
355,2020-05-14 17:10:05.719425,,2
356,2020-05-14 17:10:07.737360,Microsoft Excel,1
357,2020-05-14 17:10:08.747368,GB MONTHWISE PLAN_FY20 - Excel,2
358,2020-05-14 17:10:10.775137,,2
359,2020-05-14 17:10:12.785121,GB MONTHWISE PLAN_FY20 - Excel,2
360,2020-05-14 17:10:14.797636,,2
361,2020-05-14 17:10:16.810106,Microsoft Excel,1
362,2020-05-14 17:10:17.821438,GB MONTHWISE PLAN_FY20 - Excel,22
363,2020-05-14 17:10:39.887459,Create PivotTable,2
364,2020-05-14 17:10:41.904772,GB MONTHWISE PLAN_FY20 - Excel,37
365,2020-05-14 17:11:18.987475,Value Field Settings,3
366,2020-05-14 17:11:22.006854,GB MONTHWISE PLAN_FY20 - Excel,6
367,2020-05-14 17:11:28.030142,Value Field Settings,3
368,2020-05-14 17:11:31.045360,GB MONTHWISE PLAN_FY20 - Excel,6
369,2020-05-14 17:11:37.062615,Value Field Settings,3
370,2020-05-14 17:11:40.077509,GB MONTHWISE PLAN_FY20 - Excel,36
371,2020-05-14 17:12:16.165810,,1
372,2020-05-14 17:12:17.178866,(3) WhatsApp - Google Chrome,3
373,2020-05-14 17:12:20.199142,(2) WhatsApp - Google Chrome,82
374,2020-05-14 17:13:42.360312,,19
375,2020-05-14 17:14:01.408627,02_Draft ABP_FY 21_Rev _02_16Apr 2020 (57.3 Dom+2.1 GB)_V2_Updated_19042020 - Excel,14
376,2020-05-14 17:14:15.444999,(2) WhatsApp - Google Chrome,1
377,2020-05-14 17:14:16.456757,02_Draft ABP_FY 21_Rev _02_16Apr 2020 (57.3 Dom+2.1 GB)_V2_Updated_19042020 - Excel,16
378,2020-05-14 17:14:32.519892,(2) WhatsApp - Google Chrome,1
379,2020-05-14 17:14:33.537697,02_Draft ABP_FY 21_Rev _02_16Apr 2020 (57.3 Dom+2.1 GB)_V2_Updated_19042020 - Excel,7
380,2020-05-14 17:14:40.564992,(2) WhatsApp - Google Chrome,1
381,2020-05-14 17:14:41.595095,02_Draft ABP_FY 21_Rev _02_16Apr 2020 (57.3 Dom+2.1 GB)_V2_Updated_19042020 - Excel,1
382,2020-05-14 17:14:42.617253,,2
383,2020-05-14 17:14:44.630652,HM3H - Capcity - Excel,12
384,2020-05-14 17:14:56.676935,GB MONTHWISE PLAN_FY20 - Excel,37
385,2020-05-14 17:15:33.776745,(2) WhatsApp - Google Chrome,1
386,2020-05-14 17:15:34.790399,,2
387,2020-05-14 17:15:36.807164,02_Draft ABP_FY 21_Rev _02_16Apr 2020 (57.3 Dom+2.1 GB)_V2_Updated_19042020 - Excel,51
388,2020-05-14 17:16:27.918530,,2
389,2020-05-14 17:16:29.926987,02_Draft ABP_FY 21_Rev _02_16Apr 2020 (57.3 Dom+2.1 GB)_V2_Updated_19042020 - Excel,76
390,2020-05-14 17:17:46.103405,Microsoft Excel,2
391,2020-05-14 17:17:48.118540,02_Draft ABP_FY 21_Rev _02_16Apr 2020 (57.3 Dom+2.1 GB)_V2_Updated_19042020 - Excel,17
392,2020-05-14 17:18:05.168251,,2
393,2020-05-14 17:18:07.178423,02_Draft ABP_FY 21_Rev _02_16Apr 2020 (57.3 Dom+2.1 GB)_V2_Updated_19042020 - Excel,102
394,2020-05-14 17:19:49.394500,,1
395,2020-05-14 17:19:50.406289,02_Draft ABP_FY 21_Rev _02_16Apr 2020 (57.3 Dom+2.1 GB)_V2_Updated_19042020 - Excel,577
396,2020-05-14 17:29:28.620231,,6
397,2020-05-14 17:29:34.645490,Move or Copy,6
398,2020-05-14 17:29:40.665967,Microsoft Excel,1
399,2020-05-14 17:29:41.687925,02_Draft ABP_FY 21_Rev _02_16Apr 2020 (57.3 Dom+2.1 GB)_V2_Updated_19042020 - Excel,1
400,2020-05-14 17:29:42.705319,Microsoft Excel,1
401,2020-05-14 17:29:43.721810,HM3H - Capcity - Excel,106
402,2020-05-14 17:31:30.179933,(2) WhatsApp - Google Chrome,1
403,2020-05-14 17:31:31.207547,YouTube - Google Chrome,4
404,2020-05-14 17:31:35.229329,(2) WhatsApp - Google Chrome,3
405,2020-05-14 17:31:38.255436,Money Heist - Soundtrack (My Life is Going On) - Cecilia Krull - YouTube - Google Chrome,13
406,2020-05-14 17:31:51.308965,Meet - Capacity Overview Review session - Google Chrome,2
407,2020-05-14 17:31:53.326931,Money Heist - Soundtrack (My Life is Going On) - Cecilia Krull - YouTube - Google Chrome,2
408,2020-05-14 17:31:55.352335,WhatsApp - Google Chrome,4
409,2020-05-14 17:31:59.366650,Python | Working with .docx module - GeeksforGeeks - Google Chrome,3
410,2020-05-14 17:32:02.390122,,2
411,2020-05-14 17:32:04.436669,HM3H - Capcity - Excel,181
412,2020-05-14 17:35:05.949662,,2
413,2020-05-14 17:35:07.959097,HM3H - Capcity - Excel,39
414,2020-05-14 17:35:47.058099,Microsoft Excel,2
415,2020-05-14 17:35:49.070657,HM3H - Capcity - Excel,17
416,2020-05-14 17:36:06.120286,,2
417,2020-05-14 17:36:08.134612,HM3H - Capcity - Excel,62
418,2020-05-14 17:37:10.262505,Python | Working with .docx module - GeeksforGeeks - Google Chrome,1
419,2020-05-14 17:37:11.272713,(3) WhatsApp - Google Chrome,2
420,2020-05-14 17:37:13.312360,(2) WhatsApp - Google Chrome,31
421,2020-05-14 17:37:44.390295,"Inbox (3,747) - manish2.singh@heromotocorp.com - Hero MotoCorp Ltd. Mail - Google Chrome",1
422,2020-05-14 17:37:45.406634,(2) WhatsApp - Google Chrome,2
423,2020-05-14 17:37:47.450102,,1
424,2020-05-14 17:37:48.462313,HM3H - Capcity - Excel,108
425,2020-05-14 17:39:36.696226,(3) WhatsApp - Google Chrome,7
426,2020-05-14 17:39:43.718275,(2) WhatsApp - Google Chrome,36
427,2020-05-14 17:40:19.813540,HM3H - Capcity - Excel,143
428,2020-05-14 17:42:43.104556,(3) WhatsApp - Google Chrome,2
429,2020-05-14 17:42:45.121272,Eminem - Love The Way You Lie ft. Rihanna - YouTube - Google Chrome,606
430,2020-05-14 17:52:52.779084,,87
431,2020-05-14 17:54:20.014929,Eminem - Love The Way You Lie ft. Rihanna - YouTube - Google Chrome,6
432,2020-05-14 17:54:26.051278,(3) WhatsApp - Google Chrome,3
433,2020-05-14 17:54:29.070811,(2) WhatsApp - Google Chrome,4
434,2020-05-14 17:54:33.093401,Eminem - Love The Way You Lie ft. Rihanna - YouTube - Google Chrome,30
435,2020-05-14 17:55:03.193694,New Tab - Google Chrome,11
436,2020-05-14 17:55:14.242964,may god grace you - Google Search - Google Chrome,16
437,2020-05-14 17:55:30.297469,Hope College Australia: May God's grace be upon you - Google Chrome,7
438,2020-05-14 17:55:37.340552,May God's grace be upon you | Hope College Australia - Google Chrome,91
439,2020-05-14 17:57:08.606168,Eminem - Love The Way You Lie ft. Rihanna - YouTube - Google Chrome,6
440,2020-05-14 17:57:14.634150,jo bich bajariya - YouTube - Google Chrome,3
441,2020-05-14 17:57:17.650090,Jo Beech Bajariya Tune | Ansh Songs | Sapna Awasthi | Sharbani Mukherjee - YouTube - Google Chrome,11
442,2020-05-14 17:57:28.682621,(2) WhatsApp - Google Chrome,4
443,2020-05-14 17:57:32.700557,,1
444,2020-05-14 17:57:33.710449,HM3H - Capcity - Excel,44
445,2020-05-14 17:58:17.829460,(2) WhatsApp - Google Chrome,1
446,2020-05-14 17:58:18.842093,Jo Beech Bajariya Tune | Ansh Songs | Sapna Awasthi | Sharbani Mukherjee - YouTube - Google Chrome,5
447,2020-05-14 17:58:23.879181,Breathless | Shankar Mahadevan [Full Version] Lyrics - YouTube - Google Chrome,1
448,2020-05-14 17:58:24.891512,(2) WhatsApp - Google Chrome,4
449,2020-05-14 17:58:28.922073,Breathless | Shankar Mahadevan [Full Version] Lyrics - YouTube - Google Chrome,2
450,2020-05-14 17:58:30.937452,HM3H - Capcity - Excel,344
451,2020-05-14 18:04:15.721641,New notification,1
452,2020-05-14 18:04:16.734686,(3) WhatsApp - Google Chrome,3
453,2020-05-14 18:04:19.758892,HM3H - Capcity - Excel,95
454,2020-05-14 18:05:54.955150,,1
455,2020-05-14 18:05:55.975169,HM3H - Capcity - Excel,146
456,2020-05-14 18:08:22.308650,02_Draft ABP_FY 21_Rev _02_16Apr 2020 (57.3 Dom+2.1 GB)_V2_Updated_19042020 - Excel,3
457,2020-05-14 18:08:25.332513,,1
458,2020-05-14 18:08:26.340663,HM3H - Capcity - Excel,126
459,2020-05-14 18:10:32.636229,(3) WhatsApp - Google Chrome,1
460,2020-05-14 18:10:33.645080,Akrosh - Sauda Hai Dil KaFull Song - YouTube - Google Chrome,7
461,2020-05-14 18:10:40.702538,Dilbaro - YouTube - Google Chrome,9
462,2020-05-14 18:10:49.738035,HM3H - Capcity - Excel,10
463,2020-05-14 18:10:59.770828,Dilbaro - YouTube - Google Chrome,1
464,2020-05-14 18:11:00.828508,HM3H - Capcity - Excel,28
465,2020-05-14 18:11:28.936930,,1
466,2020-05-14 18:11:29.988729,HM3H - Capcity - Excel,31
467,2020-05-14 18:12:01.069799,Dilbaro - YouTube - Google Chrome,2
468,2020-05-14 18:12:03.084336,(3) WhatsApp - Google Chrome,3
469,2020-05-14 18:12:06.106548,(2) WhatsApp - Google Chrome,40
470,2020-05-14 18:12:46.192358,,2
471,2020-05-14 18:12:48.213248,HM3H - Capcity - Excel,256
472,2020-05-14 18:17:04.778894,,1
473,2020-05-14 18:17:05.793575,HM3H - Capcity - Excel,4
474,2020-05-14 18:17:09.824461,,2
475,2020-05-14 18:17:11.850402,HM3H - Capcity - Excel,2
476,2020-05-14 18:17:13.859883,,2
477,2020-05-14 18:17:15.881195,HM3H - Capcity - Excel,5
478,2020-05-14 18:17:20.901427,,1
479,2020-05-14 18:17:21.917791,HM3H - Capcity - Excel,2
480,2020-05-14 18:17:23.939822,,1
481,2020-05-14 18:17:24.981445,HM3H - Capcity - Excel,2
482,2020-05-14 18:17:27.017075,(2) WhatsApp - Google Chrome,2
483,2020-05-14 18:17:29.071959,Google News - Google Chrome,1
484,2020-05-14 18:17:30.083143,Dilbaro Full Audio Song|Raazi|Alia Bhatt|Vicky Kaushal - YouTube - Google Chrome,20
485,2020-05-14 18:17:50.140744,jhini re jhini indian ocean - YouTube - Google Chrome,3
486,2020-05-14 18:17:53.158721,Berklee Indian Ensemble ft Indian Ocean - Jhini - YouTube - Google Chrome,4
487,2020-05-14 18:17:57.177494,HM3H - Capcity - Excel,450
488,2020-05-14 18:25:28.107674,,1
489,2020-05-14 18:25:29.129247,HM3H - Capcity - Excel,20
490,2020-05-14 18:25:49.202309,Berklee Indian Ensemble ft Indian Ocean - Jhini - YouTube - Google Chrome,7
491,2020-05-14 18:25:56.231876,Rangrez Mere Lyrical | Tanu Weds Manu | Krsna Solo | R. Madhavan | Kangana Ranaut - YouTube - Google Chrome,8
492,2020-05-14 18:26:04.275659,HM3H - Capcity - Excel,451
493,2020-05-14 18:33:36.201663,Microsoft Excel,3
494,2020-05-14 18:33:39.226644,HM3H - Capcity - Excel,150
495,2020-05-14 18:36:09.552839,,2
496,2020-05-14 18:36:11.569225,HM3H - Capcity - Excel,39
497,2020-05-14 18:36:50.677711,,1
498,2020-05-14 18:36:51.686999,HM3H - Capcity - Excel,1
499,2020-05-14 18:36:52.705308,Piya Milenge (Official Video Song) | Raanjhanaa | Dhanush | Sonam Kapoor - YouTube - Google Chrome,2
500,2020-05-14 18:36:54.727367,HM3H - Capcity - Excel,29
501,2020-05-14 18:37:23.805804,Microsoft Excel,1
502,2020-05-14 18:37:24.815284,HM3H - Capcity - Excel,25
503,2020-05-14 18:37:49.907627,,1
504,2020-05-14 18:37:50.921811,HM3H - Capcity - Excel,4
505,2020-05-14 18:37:54.960939,,2
506,2020-05-14 18:37:56.973724,HM3H - Capcity - Excel,18
507,2020-05-14 18:38:15.037892,,2
508,2020-05-14 18:38:17.055593,HM3H - Capcity - Excel,63
509,2020-05-14 18:39:20.249031,,5
510,2020-05-14 18:39:25.274315,HM3H - Capcity - Excel,3
511,2020-05-14 18:39:28.294283,,1
512,2020-05-14 18:39:29.316912,HM3H - Capcity - Excel,10
513,2020-05-14 18:39:39.359488,,2
514,2020-05-14 18:39:41.384791,Copy Picture,2
515,2020-05-14 18:39:43.398096,HM3H - Capcity - Excel,1
516,2020-05-14 18:39:44.412818,,1
517,2020-05-14 18:39:45.431740,Piya Milenge (Official Video Song) | Raanjhanaa | Dhanush | Sonam Kapoor - YouTube - Google Chrome,2
518,2020-05-14 18:39:47.444820,(3) WhatsApp - Google Chrome,2
519,2020-05-14 18:39:49.463125,(2) WhatsApp - Google Chrome,1
520,2020-05-14 18:39:50.473285,"Inbox (3,749) - manish2.singh@heromotocorp.com - Hero MotoCorp Ltd. Mail - Google Chrome",1
521,2020-05-14 18:39:51.495932,"Inbox (3,748) - manish2.singh@heromotocorp.com - Hero MotoCorp Ltd. Mail - Google Chrome",6
522,2020-05-14 18:39:57.535844,Re: Assembly Capacity - Frame and Engine for HM5V Line 1 & Line 2 - manish2.singh@heromotocorp.com - Hero MotoCorp Ltd. Mail - Google Chrome,1
523,2020-05-14 18:39:58.555733,,2
524,2020-05-14 18:40:00.581025,HM3H - Capcity - Excel,2
525,2020-05-14 18:40:02.594376,,8
526,2020-05-14 18:40:10.623654,HM3H - Capcity - Excel,10
527,2020-05-14 18:40:20.659445,Re: Assembly Capacity - Frame and Engine for HM5V Line 1 & Line 2 - manish2.singh@heromotocorp.com - Hero MotoCorp Ltd. Mail - Google Chrome,2
528,2020-05-14 18:40:22.684273,"Inbox (3,748) - manish2.singh@heromotocorp.com - Hero MotoCorp Ltd. Mail - Google Chrome",10
529,2020-05-14 18:40:32.722829,Re: Assembly Capacity - Frame and Engine for HM5V Line 1 & Line 2 - manish2.singh@heromotocorp.com - Hero MotoCorp Ltd. Mail - Google Chrome,22
530,2020-05-14 18:40:54.789439,,9
531,2020-05-14 18:41:03.833795,HM3H - Capcity - Excel,10
532,2020-05-14 18:41:13.884663,,1
533,2020-05-14 18:41:14.903260,Re: Assembly Capacity - Frame and Engine for HM5V Line 1 & Line 2 - manish2.singh@heromotocorp.com - Hero MotoCorp Ltd. Mail - Google Chrome,2
534,2020-05-14 18:41:17.144265,Open,20
535,2020-05-14 18:41:37.222057,Re: Assembly Capacity - Frame and Engine for HM5V Line 1 & Line 2 - manish2.singh@heromotocorp.com - Hero MotoCorp Ltd. Mail - Google Chrome,646
536,2020-05-14 18:52:24.970575,,2126
537,2020-05-14 19:27:56.734413,Re: Assembly Capacity - Frame and Engine for HM5V Line 1 & Line 2 - manish2.singh@heromotocorp.com - Hero MotoCorp Ltd. Mail - Google Chrome,4
538,2020-05-14 19:28:00.804588,"Inbox (3,748) - manish2.singh@heromotocorp.com - Hero MotoCorp Ltd. Mail - Google Chrome",1
539,2020-05-14 19:28:01.815198,(4) WhatsApp - Google Chrome,4
540,2020-05-14 19:28:05.841818,(3) WhatsApp - Google Chrome,157
541,2020-05-14 19:30:43.286483,(2) WhatsApp - Google Chrome,12
542,2020-05-14 19:30:55.326949,"Inbox (3,748) - manish2.singh@heromotocorp.com - Hero MotoCorp Ltd. Mail - Google Chrome",40
543,2020-05-14 19:31:35.457709,(2) WhatsApp - Google Chrome,6
544,2020-05-14 19:31:41.497644,Python | Working with .docx module - GeeksforGeeks - Google Chrome,2
545,2020-05-14 19:31:43.514335,python wordk with documents - Google Search - Google Chrome,4
546,2020-05-14 19:31:47.524077,Python | Working with .docx module - GeeksforGeeks - Google Chrome,2
547,2020-05-14 19:31:49.550905,(2) WhatsApp - Google Chrome,5
548,2020-05-14 19:31:54.587517,Piya Milenge (Official Video Song) | Raanjhanaa | Dhanush | Sonam Kapoor - YouTube - Google Chrome,2
549,2020-05-14 19:31:56.597861,May God's grace be upon you | Hope College Australia - Google Chrome,14
550,2020-05-14 19:32:10.644252,GitHub - Google Chrome,26
551,2020-05-14 19:32:36.725742,"bhaveshbh/ble_tracer: a tracer app to help community, without compromising privacy - Google Chrome",4
552,2020-05-14 19:32:40.748365,New Tab - Google Chrome,25
553,2020-05-14 19:33:05.828654,Invation in ved - Google Search - Google Chrome,56
554,2020-05-14 19:34:01.989766,mention of invation in quran - Google Search - Google Chrome,77
555,2020-05-14 19:35:19.193901,mention of invasion in quran - Google Search - Google Chrome,58
556,2020-05-14 19:36:17.361237,mention of invasion in hindu books - Google Search - Google Chrome,22
557,2020-05-14 19:36:39.433923,New Tab - Google Chrome,8
558,2020-05-14 19:36:47.467371,mention of invasion in hindu books - Google Search - Google Chrome,11
559,2020-05-14 19:36:58.513128,mention of invasion in Quran - Google Search - Google Chrome,68
560,2020-05-14 19:38:06.717694,YouTube - Google Chrome,4
561,2020-05-14 19:38:10.742042,INCREDIBLE example of Locusts in the Quran - YouTube - Google Chrome,4
562,2020-05-14 19:38:14.764239,,1
563,2020-05-14 19:38:15.779338,Volume Control,5
564,2020-05-14 19:38:20.806689,INCREDIBLE example of Locusts in the Quran - YouTube - Google Chrome,111
565,2020-05-14 19:40:12.069492,locus invation quran - YouTube - Google Chrome,22
566,2020-05-14 19:40:34.130663,YouTube - Google Chrome,17
567,2020-05-14 19:40:51.180611,"bhaveshbh/ble_tracer: a tracer app to help community, without compromising privacy - Google Chrome",4
568,2020-05-14 19:40:55.205123,Remote Desktop Connection,7
569,2020-05-14 19:41:02.229176,"bhaveshbh/ble_tracer: a tracer app to help community, without compromising privacy - Google Chrome",19
570,2020-05-14 19:41:21.309033,YouTube - Google Chrome,9
571,2020-05-14 19:41:30.351846,using github - YouTube - Google Chrome,5
572,2020-05-14 19:41:35.367228,Github Tutorial For Beginners - Github Basics for Mac or Windows & Source Control Basics - YouTube - Google Chrome,556
573,2020-05-14 19:50:52.608492,"bhaveshbh/ble_tracer: a tracer app to help community, without compromising privacy - Google Chrome",25
574,2020-05-14 19:51:17.679579,GitHub - Google Chrome,25
575,2020-05-14 19:51:42.750328,Create a New Repository - Google Chrome,66
576,2020-05-14 19:52:48.950572,,1
577,2020-05-14 19:52:49.965354,Remote Desktop Connection,3
578,2020-05-14 19:52:52.985603,192.168.1.11 - Remote Desktop Connection,3
579,2020-05-14 19:52:56.003682,Windows Security,2
580,2020-05-14 19:52:58.016974,(4) WhatsApp - Google Chrome,4
581,2020-05-14 19:53:02.039597,(3) WhatsApp - Google Chrome,7
582,2020-05-14 19:53:09.066205,(2) WhatsApp - Google Chrome,22
583,2020-05-14 19:53:31.153278,"Inbox (3,748) - manish2.singh@heromotocorp.com - Hero MotoCorp Ltd. Mail - Google Chrome",3
584,2020-05-14 19:53:34.197500,Create a New Repository - Google Chrome,1
585,2020-05-14 19:53:35.211840,,1
586,2020-05-14 19:53:36.239804,Windows Security,7
587,2020-05-14 19:53:43.264138,Remote Desktop Connection,1
588,2020-05-14 19:53:44.286774,192.168.1.11 - Remote Desktop Connection,34
589,2020-05-14 19:54:18.386787,Create a New Repository - Google Chrome,7
590,2020-05-14 19:54:25.424810,192.168.1.11 - Remote Desktop Connection,40
591,2020-05-14 19:55:05.522774,Create a New Repository - Google Chrome,5
592,2020-05-14 19:55:10.545210,manish-sin - Google Chrome,20
593,2020-05-14 19:55:30.613272,manish-sin/coursera: Data sets and scripts for Coursera Big Data Specialization. - Google Chrome,8
594,2020-05-14 19:55:38.646302,manish-sin - Google Chrome,16
595,2020-05-14 19:55:54.702576,manish-sin/coursera: Data sets and scripts for Coursera Big Data Specialization. - Google Chrome,38
596,2020-05-14 19:56:32.830010,192.168.1.11 - Remote Desktop Connection,6
597,2020-05-14 19:56:38.870049,manish-sin/coursera: Data sets and scripts for Coursera Big Data Specialization. - Google Chrome,4
598,2020-05-14 19:56:42.893630,manish-sin - Google Chrome,25
599,2020-05-14 19:57:07.967705,manish-sin/coursera: Data sets and scripts for Coursera Big Data Specialization. - Google Chrome,21
600,2020-05-14 19:57:29.059042,Your Repositories - Google Chrome,13
601,2020-05-14 19:57:42.129725,manish-sin/coursera: Data sets and scripts for Coursera Big Data Specialization. - Google Chrome,7
602,2020-05-14 19:57:49.165446,Actions · manish-sin/coursera - Google Chrome,19
603,2020-05-14 19:58:08.221255,Options - Google Chrome,7
604,2020-05-14 19:58:15.301023,New Tab - Google Chrome,7
605,2020-05-14 19:58:22.327566,delete repository github - Google Search - Google Chrome,15
606,2020-05-14 19:58:37.378736,Options - Google Chrome,7
607,2020-05-14 19:58:44.409721,manish-sin/coursera: Data sets and scripts for Coursera Big Data Specialization. - Google Chrome,13
608,2020-05-14 19:58:57.458937,Options - Google Chrome,46
609,2020-05-14 19:59:43.606770,Confirm password - Google Chrome,12
610,2020-05-14 19:59:55.652619,Forgot your password? - Google Chrome,4
611,2020-05-14 19:59:59.681425,Password sent! - Google Chrome,9
612,2020-05-14 20:00:08.717517,delete repository github - Google Search - Google Chrome,7
613,2020-05-14 20:00:15.745754,Save As,2
614,2020-05-14 20:00:17.759061,192.168.1.11 - Remote Desktop Connection,97
615,2020-05-14 20:01:55.039752,Reconnecting to 192.168.1.11,2
616,2020-05-14 20:01:57.061062,192.168.1.11 - Remote Desktop Connection,936
617,2020-05-14 20:17:35.279878,,5618
618,2020-05-14 22:53:22.401174,192.168.1.11 - Remote Desktop Connection,13
619,2020-05-14 22:53:35.427252,Save As,2
620,2020-05-14 22:53:37.451380,HM3H - Capcity - Excel,325
621,2020-05-14 22:59:02.652276,,2
622,2020-05-14 22:59:04.661208,HM3H - Capcity - Excel,212
623,2020-05-14 23:02:36.806153,,4
624,2020-05-14 23:02:40.815481,HM3H - Capcity - Excel,601
625,2020-05-14 23:12:42.129782,,24
626,2020-05-14 23:13:06.150961,HM3H - Capcity - Excel,42
627,2020-05-14 23:13:48.182404,Cortana,1
628,2020-05-14 23:13:49.195312,HM3H - Capcity - Excel,763
629,2020-05-14 23:26:32.590514,,294
630,2020-05-14 23:31:26.762063,HM3H - Capcity - Excel,2
631,2020-05-14 23:31:28.770542,Cortana,1
632,2020-05-14 23:31:29.781085,Start,3
633,2020-05-14 23:31:32.795524,,1192
634,2020-05-15 08:21:14.740262,Start,2
635,2020-05-15 08:21:16.919803,HM3H - Capcity - Excel,5
636,2020-05-15 08:21:21.936610,delete repository github - Google Search - Google Chrome,3
637,2020-05-15 08:21:24.956841,Math and Logic Online Courses | Coursera - Google Chrome,3
638,2020-05-15 08:21:27.971590,Tensorflow Gcp Courses | Coursera - Google Chrome,5
639,2020-05-15 08:21:32.988278,"Inbox (3,751) - manish2.singh@heromotocorp.com - Hero MotoCorp Ltd. Mail - Google Chrome",120
640,2020-05-15 08:23:33.349534,,1
641,2020-05-15 08:23:34.364176,HM3H - Capcity - Excel,6
642,2020-05-15 08:23:40.409694,"Inbox (3,751) - manish2.singh@heromotocorp.com - Hero MotoCorp Ltd. Mail - Google Chrome",502
643,2020-05-15 08:32:03.724652,,3
644,2020-05-15 08:32:06.761017,TICA - PowerPoint,13
645,2020-05-15 08:32:19.798160,"Inbox (3,751) - manish2.singh@heromotocorp.com - Hero MotoCorp Ltd. Mail - Google Chrome",2
646,2020-05-15 08:32:21.810321,TICA - PowerPoint,4
647,2020-05-15 08:32:25.826685,,49
648,2020-05-15 08:33:14.940922,Cortana,11
649,2020-05-15 08:33:25.980966,,2
650,2020-05-15 08:33:28.026234,Remote Desktop Connection,17
651,2020-05-15 08:33:45.186000,*new 2 - Notepad++,1
652,2020-05-15 08:33:46.208923,,4
653,2020-05-15 08:33:50.228162,*new 2 - Notepad++,2
654,2020-05-15 08:33:52.243193,C:\Users\manishsin\Desktop\awl.csv - Notepad++,82
655,2020-05-15 08:35:14.449437,,12
656,2020-05-15 08:35:26.482090,Progress,1
657,2020-05-15 08:35:27.488773,,7
658,2020-05-15 08:35:34.511502,Reload,10
659,2020-05-15 08:35:44.541739,C:\Users\manishsin\Desktop\awl.csv - Notepad++,120
660,2020-05-15 08:37:44.805842,*C:\Users\manishsin\Desktop\awl.csv - Notepad++,4
661,2020-05-15 08:37:48.825960,"Inbox (3,751) - manish2.singh@heromotocorp.com - Hero MotoCorp Ltd. Mail - Google Chrome",7
662,2020-05-15 08:37:55.851881,,2
663,2020-05-15 08:37:57.868961,TICA - PowerPoint,257
664,2020-05-15 08:42:15.515782,"Inbox (3,751) - manish2.singh@heromotocorp.com - Hero MotoCorp Ltd. Mail - Google Chrome",2
665,2020-05-15 08:42:17.529102,(3) WhatsApp - Google Chrome,4
666,2020-05-15 08:42:21.557303,(2) WhatsApp - Google Chrome,97
667,2020-05-15 08:43:58.828198,"Inbox (3,751) - manish2.singh@heromotocorp.com - Hero MotoCorp Ltd. Mail - Google Chrome",12
668,2020-05-15 08:44:10.907734,Untitled - Google Chrome,2
669,2020-05-15 08:44:12.919095,https://meet.google.com/iyf-txhx-cqh?authuser=0&hs=122 - Google Chrome,1
670,2020-05-15 08:44:13.937742,Meet - Google Chrome,4
671,2020-05-15 08:44:17.996402,Meet - iyf-txhx-cqh - Google Chrome,5
672,2020-05-15 08:44:23.023553,Meet - Assy team morning Meeting - Google Chrome,1353
673,2020-05-15 09:06:59.111736,(2) WhatsApp - Google Chrome,2
674,2020-05-15 09:07:01.168969,Meet - Assy team morning Meeting - Google Chrome,14
675,2020-05-15 09:07:15.238788,,1
676,2020-05-15 09:07:16.276449,ABZA Packahing Working June-July R7 - Excel,4
677,2020-05-15 09:07:20.305443,Meet - Assy team morning Meeting - Google Chrome,112
678,2020-05-15 09:09:12.585521,(2) WhatsApp - Google Chrome,1
679,2020-05-15 09:09:13.716456,"Inbox (3,751) - manish2.singh@heromotocorp.com - Hero MotoCorp Ltd. Mail - Google Chrome",13
680,2020-05-15 09:09:26.781434,Search results - manish2.singh@heromotocorp.com - Hero MotoCorp Ltd. Mail - Google Chrome,1
681,2020-05-15 09:09:27.801934,Meet - Assy team morning Meeting - Google Chrome,4
682,2020-05-15 09:09:31.830816,(2) WhatsApp - Google Chrome,4
683,2020-05-15 09:09:35.891172,Meet - Assy team morning Meeting - Google Chrome,20
684,2020-05-15 09:09:56.000643,,2
685,2020-05-15 09:09:58.085056,HM3H - Capcity - Excel,3
686,2020-05-15 09:10:01.112856,,1
687,2020-05-15 09:10:02.146492,Meet - Assy team morning Meeting - Google Chrome,1
688,2020-05-15 09:10:03.219786,Search results - manish2.singh@heromotocorp.com - Hero MotoCorp Ltd. Mail - Google Chrome,22
689,2020-05-15 09:10:25.294444,Meet - Assy team morning Meeting - Google Chrome,108
690,2020-05-15 09:12:13.594390,,15
691,2020-05-15 09:12:28.672719,Meet - Assy team morning Meeting - Google Chrome,28
692,2020-05-15 09:12:56.779357,Search results - manish2.singh@heromotocorp.com - Hero MotoCorp Ltd. Mail - Google Chrome,1
693,2020-05-15 09:12:57.812544,(3) WhatsApp - Google Chrome,3
694,2020-05-15 09:13:00.840464,(2) WhatsApp - Google Chrome,1
695,2020-05-15 09:13:01.883330,https://meet.google.com/dyr-yhuk-gva - Google Chrome,1
696,2020-05-15 09:13:02.897921,Search results - manish2.singh@heromotocorp.com - Hero MotoCorp Ltd. Mail - Google Chrome,3
697,2020-05-15 09:13:05.938286,Meet - Assy team morning Meeting - Google Chrome,11
698,2020-05-15 09:13:16.997369,Meet - dyr-yhuk-gva - Google Chrome,6
699,2020-05-15 09:13:23.037457,Meet - Assy team morning Meeting - Google Chrome,6
700,2020-05-15 09:13:29.073184,Meet - dyr-yhuk-gva - Google Chrome,86
701,2020-05-15 09:14:55.313373,Search results - manish2.singh@heromotocorp.com - Hero MotoCorp Ltd. Mail - Google Chrome,12
702,2020-05-15 09:15:07.384332,(2) WhatsApp - Google Chrome,1
703,2020-05-15 09:15:08.443099,Meet - dyr-yhuk-gva - Google Chrome,16
704,2020-05-15 09:15:24.675306,Cortana,7
705,2020-05-15 09:15:31.730694,,1
706,2020-05-15 09:15:32.758860,Untitled - Notepad,150
707,2020-05-15 09:18:03.257375,Meet - dyr-yhuk-gva - Google Chrome,264
708,2020-05-15 09:22:27.931477,Your battery is running low.,22
709,2020-05-15 09:22:50.046299,Meet - dyr-yhuk-gva - Google Chrome,17
710,2020-05-15 09:23:07.069361,,2
711,2020-05-15 09:23:09.087274,Search results - manish2.singh@heromotocorp.com - Hero MotoCorp Ltd. Mail - Google Chrome,15
712,2020-05-15 09:23:24.131322,Tensorflow Gcp Courses | Coursera - Google Chrome,2
713,2020-05-15 09:23:26.146924,How Google does Machine Learning - Home | Coursera - Google Chrome,1
714,2020-05-15 09:23:27.155688,Advanced Machine Learning with TensorFlow on Google Cloud Platform | Coursera - Google Chrome,2
715,2020-05-15 09:23:29.167264,"synonyms for contenr, index - Google Search - Google Chrome",2
716,2020-05-15 09:23:31.175455,Search results - manish2.singh@heromotocorp.com - Hero MotoCorp Ltd. Mail - Google Chrome,3
717,2020-05-15 09:23:34.218948,"Inbox (3,751) - manish2.singh@heromotocorp.com - Hero MotoCorp Ltd. Mail - Google Chrome",64
718,2020-05-15 09:24:38.281596,Meet - dyr-yhuk-gva - Google Chrome,175
719,2020-05-15 09:27:33.401536,TICA - PowerPoint,60
720,2020-05-15 09:28:33.438508,,1
721,2020-05-15 09:28:34.449444,Meet - dyr-yhuk-gva - Google Chrome,321
722,2020-05-15 09:33:55.622546,,392
723,2020-05-15 09:40:27.844793,Meet - dyr-yhuk-gva - Google Chrome,282
724,2020-05-15 09:45:10.007156,,49
725,2020-05-15 09:45:59.041823,Meet - dyr-yhuk-gva - Google Chrome,6
726,2020-05-15 09:46:05.053516,TICA - PowerPoint,82
727,2020-05-15 09:47:27.114114,Meet - dyr-yhuk-gva - Google Chrome,114
728,2020-05-15 09:49:21.192209,,2
729,2020-05-15 09:49:23.202050,TICA - PowerPoint,231
730,2020-05-15 09:53:14.337025,Meet - dyr-yhuk-gva - Google Chrome,950
731,2020-05-15 10:09:04.907952,,2
732,2020-05-15 10:09:06.919135,HM3H - Capcity - Excel,14
733,2020-05-15 10:09:20.935655,Meet - dyr-yhuk-gva - Google Chrome,2
734,2020-05-15 10:09:22.944567,HM3H - Capcity - Excel,2
735,2020-05-15 10:09:24.953330,,1
736,2020-05-15 10:09:25.963071,Meet - dyr-yhuk-gva - Google Chrome,5
737,2020-05-15 10:09:30.976024,,2
738,2020-05-15 10:09:32.985954,HM3H - Capcity - Excel,18
739,2020-05-15 10:09:51.003571,Meet - dyr-yhuk-gva - Google Chrome,41
740,2020-05-15 10:10:32.036135,HM3H - Capcity - Excel,12
741,2020-05-15 10:10:44.058475,Meet - dyr-yhuk-gva - Google Chrome,2
742,2020-05-15 10:10:46.068457,,3
743,2020-05-15 10:10:49.078822,HM3H - Capcity - Excel,5
744,2020-05-15 10:10:54.090030,Meet - dyr-yhuk-gva - Google Chrome,3
745,2020-05-15 10:10:57.098100,HM3H - Capcity - Excel,9
746,2020-05-15 10:11:06.112999,Meet - dyr-yhuk-gva - Google Chrome,2
747,2020-05-15 10:11:08.125896,HM3H - Capcity - Excel,4
748,2020-05-15 10:11:12.134591,Meet - dyr-yhuk-gva - Google Chrome,639
749,2020-05-15 10:21:51.464012,,3
750,2020-05-15 10:21:54.474844,HM3H - Capcity - Excel,172
751,2020-05-15 10:24:46.804171,Meet - dyr-yhuk-gva - Google Chrome,150
752,2020-05-15 10:27:17.138562,,2
753,2020-05-15 10:27:19.162490,HM3H - Capcity - Excel,95
754,2020-05-15 10:28:54.446814,,2
755,2020-05-15 10:28:56.468092,TICA - PowerPoint,183
756,2020-05-15 10:32:00.001027,,2
757,2020-05-15 10:32:02.038046,TICA - PowerPoint,308
758,2020-05-15 10:37:10.917366,Meet - dyr-yhuk-gva - Google Chrome,3
759,2020-05-15 10:37:13.932895,(2) WhatsApp - Google Chrome,252
760,2020-05-15 10:41:26.657342,(3) WhatsApp - Google Chrome,23
761,2020-05-15 10:41:49.735076,(2) WhatsApp - Google Chrome,15
762,2020-05-15 10:42:04.782531,TICA - PowerPoint,7
763,2020-05-15 10:42:11.813358,,2
764,2020-05-15 10:42:13.839642,TICA - PowerPoint,307
765,2020-05-15 10:47:21.675391,,2
766,2020-05-15 10:47:23.692766,TICA - PowerPoint,104
767,2020-05-15 10:49:07.994963,,1
768,2020-05-15 10:49:09.009423,TICA - PowerPoint,1
769,2020-05-15 10:49:10.036053,,2
770,2020-05-15 10:49:12.057877,TICA - PowerPoint,15
771,2020-05-15 10:49:27.102944,New notification,1
772,2020-05-15 10:49:28.130261,TICA - PowerPoint,137
773,2020-05-15 10:51:45.533938,,1
